,Консервы Овощные
0,Икра Всё в Дом из Кабачков 520гр с/б (Ресей/Россия)
1,Икра Всё в Дом из Баклажанов 520гр с/б (Ресей/Россия)
2,Лечо Всё в Дом по-болгарски 680гр с/б (Ресей/Россия)
3,Корнишоны Всё в Дом Мар 6-9см 720мл с/б (Ќазаќстан/Казахстан)
4,Ассорти Всё в Дом Черри и Корнишоны 720мл с/б (Їндістан/Индия)
5,Корнишоны Консервированные 3-6см Всё в Дом с/б 720мл (Їндістан/Индия)
6,Горошек Овощной Край Зеленый из Мозговых Сортов 400гр ж/б (Ресей/Россия)
7,Оливки Solato Охибланка Без Косточки 300мл ж/б Ключ (Испания)
8,Маслины Solato Охибланка Без Косточки 300мл ж/б Ключ (Испания)
9,Фасоль Vegda Красная 425 мл ж/б (Ресей/Россия)
10,Икра Vegda из Баклажанов  480г Гост ст/б (Ресей/Россия)
11,Горошек Vegda Зеленый Отборный Нежный 400г Гост ж/б (Ресей/Россия)
12,Грибы Vegda Маринованные Шиитаке 270 мл ст/б (Ќытай/Китай)
13,Ассорти Vegda Грибное Маринованное 270мл ст/б (Ќытай/Китай)
14,Фасоль Дядя Ваня Печеная с Болгарским Перцем 480гр ст/б (Ресей/Россия)
15,Перец Верес Посольский Острый 300г с/б (Украина)
16,Баклажаны Marinelle Обжаренные с Томатом и Чесноком в Масле 500мл с/б (Ґзбекстан/Узбекистан)
17,Баклажаны Marinelle Обжаренные Кольцами в Томате 500мл с/б (Ґзбекстан/Узбекистан)
18,Икра Marinelle Овощная Любительская 500мл (Ґзбекстан/Узбекистан)
19,Огурцы Primario Маринованные 3-6см 700гр с/б (Ќазаќстан/Казахстан)
20,Ассорти Primario #7 Маринованные 2кг с/б (Ќазаќстан/Казахстан)
21,Ассорти Primario #2 Маринованные 2кг с/б (Ќазаќстан/Казахстан)
22,Грибы Шампиньоны Naturella Целые 425мл ж/б (Ќытай/Китай)
23,Ассорти #7 Primario томаты/огурцы/патиссоны Слабокислые 700гр с/б (Ќазаќстан/Казахстан)
24,Патиссоны Маринованые Слабокислые Primario с/б 700г (Ќазаќстан/Казахстан)
25,Икра Marinelle из Кабачков 520гр с/б (Ґзбекстан/Узбекистан)
26,Кабачки Лучшие Рецепты в Томатном Соусе с Овощным Фаршем 440мл с/б (Ќазаќстан/Казахстан)
27,Икра из Свеклы Лучшие Рецепты с/б 440мл (Ќазаќстан/Казахстан)
28,Корнишоны Green Ray Мар 720мл с/б (Ќытай/Китай)
29,Фасоль Green Ray кр 425мл ж/б Ключ (Ресей/Россия)
30,Горошек Кублей Зел Конс 330гр ж/б (Ќазаќстан/Казахстан)
31,Грибы Lorado Шампиньоны Целые 314мл ж/б (Ќытай/Китай)
32,Оливки Зеленые Фаршированные Анчоусами Makarena ж/б 280г (Испания)
33,Кукуруза Кублей Сах Конс из Целых Зерен 310гр ж/б (Ќазаќстан/Казахстан)
34,Фасоль Kunde Красная Натуральная 400гр ж/б (Ресей/Россия)
35,Икра Кабачковая Дядя Ваня 460гр с/б (Ресей/Россия)
36,Кукуруза 3 Желания сл в/с Конс Отборная 340гр ж/б (Ресей/Россия)
37,Горошек Зелёный Kunde Консервированный Ключ 200 гр ж/б (Ресей/Россия)
38,Горошек Зелёный Kunde Консервированный Ключ 400 гр ж/б (Ресей/Россия)
39,Горошек Зелёный Kunde Консервированный 400 гр ж/б (Ресей/Россия)
40,Кукуруза Kunde Сахарная Консервированная Ключ 200гр ж/б (Ресей/Россия)
41,Кукуруза Kunde Сахарная Консервированная Ключ 400гр ж/б (Ресей/Россия)
42,Кукуруза Kunde Сахарная Консервированная 400гр ж/б (Ресей/Россия)
43,Оливки Gran Olivo Без Косточки 358мл с/б (Испания)
44,Маслины Gran Olivo Без Косточки 358мл с/б (Испания)
45,Маслины Gran Olivo с Косточкой 358мл с/б (Испания)
46,Оливки Gran Olivo Зеленые б/к 314мл ж/б (Испания)
47,Оливки Gran Olivo Зеленые с/к 314мл ж/б (Испания)
48,Маслины Gran Olivo Без Косточки 314мл ж/б (Испания)
49,Маслины Gran Olivo с Косточкой 314мл ж/б (Испания)
50,Горошек 3 Желания Нежный Зел в/с Конс 400гр ж/б (Ќазаќстан/Казахстан)
51,Баклажаны с Овощным Фаршем в Томатном Соусе Лучшие Рецепты с/б 440мл (Ќазаќстан/Казахстан)
52,Перец цин-каз в Масле с Чесноком и Зеленью 710гр с/б (Ќазаќстан/Казахстан)
53,Лечо цин-каз в Томатном Соусе 680гр с/б (Ќазаќстан/Казахстан)
54,Перец Бояринъ Халапеньо Зеленый Рез 850мл ж/б (Ќытай/Китай)
55,Маслины Бояринъ б/к 4250мл ж/б (Египет)
56,Корнишоны Бояринъ Маринованные Пикули 720мл (Ресей/Россия)
57,Фасоль Бояринъ Белая в с/с 2650мл ж/б (Италия)
58,Кукуруза Бояринъ Початки Молодые 3100мл ж/б (Тайланд)
59,Корнишоны Бояринъ Маринованные 720мл с/б (Ресей/Россия)
60,Салат цин-каз Осенний 710гр с/б (Ќазаќстан/Казахстан)
61,Шампиньоны Всё в Дом Целые Мар 580мл с/б (Ќытай/Китай)
62,Опята Всё в Дом Маринованные 314мл с/б (Ќытай/Китай)
63,Опята Всё в Дом Маринованные 580мл с/б (Ќытай/Китай)
64,Шампиньоны Всё в Дом Цел Конс 850мл ж/б (Ќытай/Китай)
65,Шампиньоны Всё в Дом Рез Конс 850мл ж/б (Ќытай/Китай)
66,Перчики Всё в Дом Пикантэ Маринованные 250мл Бан (Қазақстан/Казахстан)
67,Кукуруза Бояринъ Сахарная в Зернах 400гр ж/б (Ресей/Россия)
68,Оливки Зеленые Без Косточки 300мл ж/б (Испания)
69,Маслины Barcelito Без Косточки 300мл ж/б (Испания)
70,Оливки Selia Зеленые б/к в Рассоле 480гр с/б (Греция)
71,Оливки Selia Каламата в Рассоле с/к 480гр с/б (Греция)
72,Оливки Barcelito с Косточкой 300мл ж/б (Испания)
73,Маслины Barcelito с Косточкой 300мл ж/б (Испания)
74,Оливки Barto Зеленые б/к в Рассоле 480гр с/б (Греция)
75,Оливки Barto Каламата в Рассоле с/к 480гр с/б (Греция)
76,Ассорти #2 Marinelle п/домашнему Рецепту 720мл с/б (Ґзбекстан/Узбекистан)
77,Ассорти Marinelle патиссоны/томаты Черри Маринован 730гр с/б (Ґзбекстан/Узбекистан)
78,Фасоль Gustus Красная Консервированная 400гр ж/б (Ресей/Россия)
79,Фасоль Gustus Белая Консервированная 400гр ж/б (Ресей/Россия)
80,Маслины Золотой Глобус Резаные 244гр с/б (Испания)
81,Оливки Золотой Глобус б/косточки 280гр ж/б (Испания)
82,Маслины Золотой Глобус б/косточки/б/жидкости 244мл с/б (Испания)
83,Маслины Золотой Глобус б/косточки 280гр ж/б (Испания)
84,Томаты Умутагро в Собственном Соку 950мл ст/б (Ќырєызстан/Кыргизстан)
85,Икра Умутагро из Кабачков с Овощами 500мл ст/б (Ќырєызстан/Кыргизстан)
86,Шампиньоны Мелень в Сметанном Соусе 450гр с/б (Ресей/Россия)
87,Маслины Без Косточки Iberica ж/б 370г (Испания)
88,Маслины с Косточкой Iberica ж/б 360г (Испания)
89,Оливки Iberica Зел б/косточки 314мл ж/б (Ресей/Россия)
90,Оливки Iberica Зел с Косточкой 314мл ж/б (Ресей/Россия)
91,Томаты Всё в Дом Неочищенные в Томатном Соке 680гр с/б (Ресей/Россия)
92,Томаты Всё в Дом Маринованные Красные Бурые 680гр с/б (Ресей/Россия)
93,Оливки Maestro de Oliva Зел с/к 314мл ж/б (Ресей/Россия)
94,Маслины Maestro de Oliva б/к 280мл ж/б (Испания)
95,Оливки Maestro de Oliva Зел б/к 314мл ж/б (Испания)
96,Маслины Maestro de Oliva c/к 280мл ж/б (Испания)
97,Перец Горький Маринованный Халапеньо 300гр с/б (Ќазаќстан/Казахстан)
98,Горошек Дядя Ваня Зел Конс 400гр ж/б (Ресей/Россия)
99,Корнишоны Дядя Ваня по-французки 460гр с/б (Ресей/Россия)
100,Огурчики Дядя Ваня по-берлински 680гр с/б (Ресей/Россия)
101,Томаты Дядя Ваня в Том Соке 680гр с/б (Ресей/Россия)
102,Томаты Дядя Ваня Мар 680гр с/б (Ресей/Россия)
103,Лечо Дядя Ваня Закарпатское 680гр с/б 1 (Ресей/Россия)
104,Фасоль Печеная Дядя Ваня по-домашнему 480гр с/б (Ресей/Россия)
105,Кабачки в Аджике Дядя Ваня по-тбилисски 460гр с/б (Ресей/Россия)
106,Закусочка Дядя Ваня Венгерская 460гр с/б (Ресей/Россия)
107,Маслины Makarena б/к 300мл ж/б (Испания)
108,Оливки Makarena Manzanilla Зеленые с/к 315гр с/б (Испания)
109,Оливки Makarena Gordal Зеленые с/к 314мл с/б (Испания)
110,Оливки Makarena Manzanilla Зеленые б/к 315гр с/б (Испания)
111,Оливки Makarena Arbequina Зеленые с/к 314мл с/б (Испания)
112,Маслины Bonduelle Охибланка с Копченым Лососем 314 мл ж/б Ключ (Испания)
113,Ассорти Грибное Lorado Мар 280гр с/б (Ќытай/Китай)
114,Томаты Очищенные в Томатной Мякоти Bonduelle с/б 720мл (Ресей/Россия)
115,Грибы Lorado Опята Мар 314мл с/б (Ќытай/Китай)
116,Грибы Lorado Шиитаке Мар 580гр с/б (Ќытай/Китай)
117,Маслины Iberica Chica Черн с/к 200гр ж/б Ключ (Испания)
118,Маслины Iberica Chica Черн б/к 200гр ж/б Ключ (Испания)
119,Маслины Itlv б/к 170гр д/п (Испания)
120,Кукуруза Дядя Ваня Деликатесная Конс 425мл ж/б (Ресей/Россия)
121,Кукуруза Сладкая Classique Bonduelle ж/б 850мл (Франция)
122,Шампиньоны Резаные Classic Bonduelle ж/б 425мл (Франция)
123,Огурцы Marinelle Деликатесные 3-6см 720мл с/б (Ґзбекстан/Узбекистан)
124,Икра Лучшие Рецепты Кабачковая 440мл с/б (Ќазаќстан/Казахстан)
125,Горошек Зеленый Молодой Bonduelle ж/б 200г (Ресей/Россия)
126,Оливки Gaea Pitted Kalamata Olives б/к 150гр д/п (Греция)
127,"Огурчики Дядя Ваня Мар 1,8кг с/б (Ресей/Россия)"
128,Икра Дядя Ваня из Баклажанов по-балкански 460гр с/б (Ресей/Россия)
129,Перец Резанный в Томатном Соусе с Овощным Фаршем Лечо Лучшие Рецепты с/б 670мл (Ќазаќстан/Казахстан)
130,Оливки с Голубым Сыром Мансанилья Bonduelle ж/б 300г (Испания)
131,Горошек зеленый Green Garden ж/б 400г (Ресей/Россия)
132,Огурцы Всё в Дом Консервированные 6-9см 1000мл с/б (Қазақстан/Казахстан)
133,Огурцы Всё в Дом Консервированные 9-12см 1000мл с/б (Қазақстан/Казахстан)
134,Перчики Всё в Дом Чили Маринованные 250мл (Қазақстан/Казахстан)
135,Перчики Всё в Дом Халапеньо Маринованные 250мл (Қазақстан/Казахстан)
136,Перчики Всё в Дом пири-пири Маринованные 250мл (Қазақстан/Казахстан)
137,Фасоль Красная Натуральная Globus ж/б 400г (Венгрия)
138,Огурчики Иваныч Мар Слабокислые 2л с/б (Ќазаќстан/Казахстан)
139,Огурчики Иваныч Мар Слабокислые 700гр с/б (Ќазаќстан/Казахстан)
140,Томаты Иваныч Мар Слабокислые 700гр с/б (Ќазаќстан/Казахстан)
141,Томаты Иваныч Мар 2л с/б (Ќазаќстан/Казахстан)
142,Маслины Bonduelle Охибланка с Сыром Фета 314 мл ж/б Ключ (Испания)
143,Кукуруза Золотистая в Зернах Classique Bonduelle с/б 530г (Франция)
144,Оливки Gaea Зел 300гр с/б (Греция)
145,Оливки с Косточкой Bonduelle ж/б 300г (Франция)
146,Горошек Зелёный Всё в Дом Консервированный 425гр ж/б (Ресей/Россия)
147,Кукуруза Всё в Дом Сахарная Консервированная 420гр ж/б (Украина)
148,Пикули Консервированные 1-3см Всё в Дом с/б 720мл (Үндістан/Индия)
149,Помидоры Маринованные Черри Всё в Дом с/б 720мл (Үндістан/Индия)
150,Фасоль Всё в Дом Красная Нат 400гр ж/б (Ресей/Россия)
151,Фасоль Всё в Дом Белая в Томатном Соусе 400гр ж/б (Ресей/Россия)
152,Шампиньоны Резаные Консервированные Всё в Дом ж/б 425мл (Ќытай/Китай)
153,Шампиньоны Целые Консервированные Всё в Дом ж/б 425мл (Қытай/Китай)
154,Горошек Зеленый Молодой Bonduelle ж/б 400г (Испания)
155,Горошек Зеленый Консервированный Стерилизованный Нежный Bonduelle с/б 580г (Франция)
156,Горошек Зеленый Консервированный Стерилизованный Нежный Bonduelle ж/б 200г (Ресей/Россия)
157,Горошек Зеленый Консервированный Стерилизованный Нежный Bonduelle ж/б 400г (Ресей/Россия)
158,Горошек Зеленый Консервированный Стерилизованный Нежный Bonduelle ж/б 800г (Франция)
159,Кукуруза Молодая Bonduelle ж/б 170г (Ресей/Россия)
160,Кукуруза Сладкая Молодая Bonduelle ж/б 340г (Ресей/Россия)
161,Кукуруза Сладкая Classique Bonduelle ж/б 170г (Франция)
162,Кукуруза Сладкая Classique Bonduelle ж/б 425мл (Франция)
163,Корнишоны Bonduelle 3-6см 580гр с/б (Франция)
164,Огурцы Маринованные Консервированные 6-9см Expert Bonduelle c/б 720мл (Франция)
165,Фасоль Белая Классическая Bonduelle ж/б 400г (Франция)
166,Фасоль Красная Консервированная Стерилизованная Классическая Bonduelle ж/б 400г (Франция)
167,Шампиньоны с Ароматными Травами по-провански Bonduelle с/б 530г (Польша)
168,Шампиньоны Целые Classique Bonduelle ж/б 400г (Франция)
169,Шампиньоны Целые Маринованные Expert Bonduelle c/б 400г (Франция)
170,Маслины Без Косточки Classique Bonduelle ж/б 300г (Франция)
171,Маслины с Косточкой Bonduelle ж/б 300г (Франция)
172,Оливки с Лимоном Мансанилья Bonduelle ж/б 300г (Испания)
173,Оливки Без Косточки Bonduelle ж/б 300г (Франция)
174,Кукуруза Сахарная в Зернах Heinz ж/б 340г (Ресей/Россия)
175,Фасоль Белая Натуральная Heinz ж/б 400г (Ресей/Россия)
176,Фасоль в Томатном Соусе Heinz ж/б 415г (Ўлыбритания/Великобритания)
177,Фасоль Зерновая Красная Heinz ж/б 400г (Ресей/Россия)
178,Кукуруза Сладкая в Зернах Green Garden ж/б 400г (Ресей/Россия)
179,Горошек Зеленый Globus ж/б 400г (Венгрия)
180,Кукуруза Сладкая в Зернах Globus ж/б 340г (Венгрия)
181,Томаты Черри Globus с/б 720мл (Ресей/Россия)
182,Огурцы Умут Agro Маринованные 720мл с/б (Ќырєызстан/Киргизия)
183,Огурцы Умут Agro Маринованные 900мл с/б (Ќырєызстан/Киргизия)
184,Томаты Умут Agro Маринованные 950мл с/б (Ќырєызстан/Киргизия)
185,Фасоль Красная Натуральная Консервированная Кормилица ж/б 425мл (Ресей/Россия)
186,Огурцы Деликатесные 9-12см Marinelle с/б 980г (Ґзбекстан/Узбекистан)
187,Огурцы Деликатесные с Чесноком и Укропом 6-9см Marinelle с/б 680г (Ґзбекстан/Узбекистан)
188,Томаты Marinelle Деликатесные 720мл с/б (Ґзбекстан/Узбекистан)
189,Кукуруза Сладкая в Зёрнах Makarena ж/б 425мл (Тайланд)
190,Шампиньоны Резаные Makarena ж/б 280г (Ќытай/Китай)
191,Оливки Makarena Зеленые Без Косточки лимон/базилик/тимьян 200 мл д/п (Испания)
192,Оливки Makarena Резаные Черн 350гр ж/б Ключ (Испания)
193,Оливки Makarena Bravo Черн с/к 300мл ж/б (Испания)
194,Оливки Зеленые Фаршированные Креветками Makarena ж/б 280г (Испания)
195,Маслины Без Косточки Bravo Makarena ж/б 300мл (Испания)
196,Маслины Без Косточки Стерилизованные Bravo Makarena ж/б 350г (Испания)
197,Оливки Makarena Premium Черн б/к 370мл ж/б (Испания)
198,Оливки Makarena Premium Черн б/косточки 425мл ж/б (Испания)
199,Оливки Makarena Premium Черн с/к 370мл ж/б (Испания)
200,Оливки Makarena Зел б/к 280гр ж/б (Испания)
201,Оливки Makarena Зел с/к 300мл ж/б (Испания)
202,Оливки Зеленые Фаршированные Лимоном Makarena ж/б 280г (Испания)
203,Оливки Зеленые Фаршированные Лососем Makarena ж/б 280г (Испания)
204,Оливки Makarena Черн б/к 350гр ж/б (Испания)
205,Горошек Зеленый Lorado ж/б 425мл (Ќытай/Китай)
206,Кукуруза Сладкая Lorado ж/б 340г (Таиланд)
207,Кукуруза Lorado Молодые Початки 370мл с/б (Вьетнам)
208,Огурцы Lorado Пикули Премиум Мар 1-4см 370мл с/б (Їндістан/Индия)
209,Корнишоны Маринованные 3-6см Lorado с/б 720мл (Ќытай/Китай)
210,Огурцы Lorado Корнишоны Премиум 1-4см 720мл с/б (Ќытай/Китай)
211,Огурцы Маринованные 6-9см Lorado с/б 680г (Їндістан/Индия)
212,Томаты Lorado Черри Мар 720мл с/б (Їндістан/Индия)
213,Фасоль Lorado кр 425мл ж/б (Їндістан/Индия)
214,Грибы Lorado Шампиньоны Целые Мар 580мл с/б (Ќытай/Китай)
215,Грибы Lorado Шиитаке Мар 314гр с/б (Ќытай/Китай)
216,Грибы Lorado Грибной Бочонок Мар 580мл с/б (Ќытай/Китай)
217,Грибы Lorado Опята 580мл с/б (Ќытай/Китай)
218,Грибы Lorado Опята Мар 580мл с/б (Ќытай/Китай)
219,Шампиньоны Резаные Lorado ж/б 425мл (Ќытай/Китай)
220,Грибы Lorado Шампиньоны Рез 850гр ж/б (Ќытай/Китай)
221,Шампиньоны Целые Lorado ж/б 400г (Ќытай/Китай)
222,Грибы Lorado Шампиньоны Цел 800мл ж/б (Ќытай/Китай)
223,Огурцы Primario Маринованные 2кг с/б (Ќазаќстан/Казахстан)
224,Огурцы Primario Мар 6-9 700гр с/б (Ќазаќстан/Казахстан)
225,Томаты Primario Маринованные 700гр с/б (Ќазаќстан/Казахстан)
226,Томаты Primario Маринованные Слабокислые 2кг с/б (Ќазаќстан/Казахстан)
227,Горошек Omnes Консервированный Зеленый 400г ж/б (Ресей/Россия)
228,Кукуруза Omnes Консервированная 400гр ж/б (Ресей/Россия)
229,Шампиньоны Omnes Маринованные 530гр с/б (Ќытай/Китай)
230,Шиитаке Omnes Маринованные 280гр с/б (Ќытай/Китай)
231,Горошек Зеленый Стерилизованный Ricca Festa ж/б 425мл (Ресей/Россия)
232,Кукуруза Сахарная в Зернах Ricca Festa ж/б 340г (Ресей/Россия)
233,Горошек Зеленый Naturella 400гр ж/б (Ќазаќстан/Казахстан)
234,Корнишоны Naturella Pickled 3-6см 720мл с/б (Вьетнам)
235,Оливки Naturella Черн б/к 280гр ж/б (Ќазаќстан/Казахстан)
236,Оливки Naturella Зел б/к 280гр ж/б Ключ (Испания)
237,Маслины Без Косточки Стерилизованные Selecto Itlv ж/б 350г (Ресей/Россия)
238,Маслины Itlv с/к 314мл ж/б (Испания)
239,Маслины Itlv с/к 370гр ж/б (Испания)
240,Маслины Itlv с/к 425гр ж/б (Испания)
241,Оливки Itlv Зел б/косточки 195гр д/п (Испания)
242,Оливки Itlv Зел с/к 314мл ж/б (Испания)
243,Оливки Itlv Зел Анчоус 300гр ж/б (Ресей/Россия)
244,Оливки Itlv Зел б/к 314мл ж/б (Испания)
245,Оливки Зеленые Фаршированные с Лимоном Itlv ж/б 300г (Испания)
246,Оливки Itlv Зел с Креветкой 370мл ж/б (Испания)
247,Маслины Без Косточки Стерилизованные Clasico Itlv ж/б 280г (Испания)
248,Маслины Itlv Super 370гр ж/б (Испания)
249,Маслины Без Косточки Super Itlv ж/б 350г (Испания)
250,Маслины Itlv б/к 425мл ж/б (Испания)
251,Огурцы Маринованные Песня Лета с/б 1.5л (Ќазаќстан/Казахстан)
252,Огурцы Маринованные Песня Лета с/б 680г (Ќазаќстан/Казахстан)
253,Огурцы Лучшие Рецепты Мар 670мл с/б (Ќазаќстан/Казахстан)
254,Горошек Белгородские Овощи Зел Высший Сорт 400гр ж/б (Ресей/Россия)
255,Кукуруза Veres Сахарная Конс 340г ж/б (Украина)
256,Грибы Veres Шампиньоны Закусочные 460г с/б (Украина)
